{
  "dataset": "Weather",
  "coarse_method": "linear",
  "coarse_metrics": {
    "MAE": 0.06727871298789978,
    "MSE": 0.07878012210130692,
    "RMSE": 0.2806779742240906,
    "MRE": 0.6272305250167847
  },
  "refined_metrics": {
    "MAE": 0.0684627890586853,
    "MSE": 0.0726618692278862,
    "RMSE": 0.2695586681365967,
    "MRE": 0.6372179985046387
  },
  "improvement_pct": -1.76,
  "best_val_mae": 0.0665607750415802,
  "args": {
    "dataset": "Weather",
    "seq_len": 96,
    "missing_rate": 0.25,
    "coarse": "linear",
    "noise_dim": 32,
    "width": 64,
    "n_stages": 3,
    "n_blocks": 2,
    "cardinality": 16,
    "freq_branch": true,
    "epochs": 200,
    "batch_size": 32,
    "lr": 0.0001,
    "gamma": 0.5,
    "lambda_recon": 20.0,
    "lambda_freq": 2.0,
    "ema": true,
    "augment": true,
    "stride_divisor": 4,
    "outdir": "results/phase1_weather_aug",
    "log_every": 10
  }
}