{
  "dataset": "AirQuality",
  "coarse_method": "linear",
  "coarse_metrics": {
    "MAE": 0.15099911391735077,
    "MSE": 0.10426212847232819,
    "RMSE": 0.32289648056030273,
    "MRE": 1.0960594415664673
  },
  "refined_metrics": {
    "MAE": 0.15165692567825317,
    "MSE": 0.10453761368989944,
    "RMSE": 0.32332277297973633,
    "MRE": 1.0898594856262207
  },
  "improvement_pct": -0.44,
  "best_val_mae": 0.12002900242805481,
  "args": {
    "dataset": "AirQuality",
    "seq_len": 36,
    "missing_rate": 0.25,
    "coarse": "linear",
    "noise_dim": 32,
    "width": 64,
    "n_stages": 3,
    "n_blocks": 2,
    "cardinality": 16,
    "freq_branch": true,
    "epochs": 300,
    "batch_size": 32,
    "lr": 0.0001,
    "gamma": 0.5,
    "lambda_recon": 20.0,
    "lambda_freq": 2.0,
    "ema": true,
    "outdir": "results/phase1_air_linear_v2",
    "log_every": 10
  }
}