{
  "dataset": "Weather",
  "coarse_method": "linear",
  "coarse_metrics": {
    "MAE": 0.06727871298789978,
    "MSE": 0.07878012210130692,
    "RMSE": 0.2806779742240906,
    "MRE": 0.6272305250167847
  },
  "refined_metrics": {
    "MAE": 0.067110575735569,
    "MSE": 0.07435029745101929,
    "RMSE": 0.27267250418663025,
    "MRE": 0.62913978099823
  },
  "improvement_pct": 0.25,
  "best_val_mae": 0.06556633114814758,
  "args": {
    "dataset": "Weather",
    "seq_len": 96,
    "missing_rate": 0.25,
    "coarse": "linear",
    "noise_dim": 32,
    "width": 64,
    "n_stages": 3,
    "n_blocks": 2,
    "cardinality": 16,
    "freq_branch": true,
    "epochs": 200,
    "batch_size": 32,
    "lr": 0.0001,
    "gamma": 2.0,
    "lambda_recon": 100.0,
    "lambda_freq": 10.0,
    "ema": true,
    "augment": false,
    "stride_divisor": 2,
    "outdir": "results/phase1_weather_ablation_highrec",
    "log_every": 10
  }
}