{
  "dataset": "Weather",
  "coarse_method": "linear",
  "coarse_metrics": {
    "MAE": 0.06727871298789978,
    "MSE": 0.07878012210130692,
    "RMSE": 0.2806779742240906,
    "MRE": 0.6272305250167847
  },
  "refined_metrics": {
    "MAE": 0.06652143597602844,
    "MSE": 0.07553289830684662,
    "RMSE": 0.27483248710632324,
    "MRE": 0.6184704899787903
  },
  "improvement_pct": 1.13,
  "best_val_mae": 0.06615990400314331,
  "args": {
    "dataset": "Weather",
    "seq_len": 96,
    "missing_rate": 0.25,
    "coarse": "linear",
    "noise_dim": 32,
    "width": 64,
    "n_stages": 3,
    "n_blocks": 2,
    "cardinality": 16,
    "freq_branch": true,
    "epochs": 200,
    "batch_size": 32,
    "lr": 0.0001,
    "gamma": 0.5,
    "lambda_recon": 20.0,
    "lambda_freq": 2.0,
    "ema": true,
    "outdir": "results/phase1_weather_linear",
    "log_every": 10
  }
}