{
  "dataset": "Weather",
  "coarse_method": "linear",
  "coarse_metrics": {
    "MAE": 0.06727871298789978,
    "MSE": 0.07878012210130692,
    "RMSE": 0.2806779742240906,
    "MRE": 0.6272305250167847
  },
  "refined_metrics": {
    "MAE": 0.0678626000881195,
    "MSE": 0.07536778599023819,
    "RMSE": 0.27453193068504333,
    "MRE": 0.6140636801719666
  },
  "improvement_pct": -0.87,
  "best_val_mae": 0.06669729202985764,
  "args": {
    "dataset": "Weather",
    "seq_len": 96,
    "missing_rate": 0.25,
    "coarse": "linear",
    "noise_dim": 32,
    "width": 64,
    "n_stages": 3,
    "n_blocks": 2,
    "cardinality": 16,
    "freq_branch": true,
    "epochs": 200,
    "batch_size": 32,
    "lr": 0.0001,
    "gamma": 0.5,
    "lambda_recon": 50.0,
    "lambda_freq": 5.0,
    "ema": true,
    "augment": false,
    "stride_divisor": 2,
    "outdir": "results/phase1_weather_highrec",
    "log_every": 10
  }
}