{
  "dataset": "Weather",
  "coarse_method": "zero",
  "coarse_metrics": {
    "MAE": 0.7276392579078674,
    "MSE": 1.0069890022277832,
    "RMSE": 1.0034884214401245,
    "MRE": 1.0
  },
  "refined_metrics": {
    "MAE": 0.22816124558448792,
    "MSE": 0.2262423038482666,
    "RMSE": 0.475649356842041,
    "MRE": 2.456768751144409
  },
  "improvement_pct": 68.64,
  "best_val_mae": 0.21364998817443848,
  "args": {
    "dataset": "Weather",
    "seq_len": 96,
    "missing_rate": 0.25,
    "coarse": "zero",
    "noise_dim": 32,
    "width": 64,
    "n_stages": 3,
    "n_blocks": 2,
    "cardinality": 16,
    "freq_branch": true,
    "epochs": 300,
    "batch_size": 32,
    "lr": 0.0001,
    "gamma": 0.5,
    "lambda_recon": 20.0,
    "lambda_freq": 2.0,
    "ema": true,
    "augment": false,
    "stride_divisor": 2,
    "outdir": "results/phase1_weather_zero",
    "log_every": 10
  }
}